ID,Required acceptance case,Implementation status,Evidence
A01,"Clean demo installation from the documented commands, without game assets or credentials.",Specified - not executed,
A02,"Two content lines with different pack sizes, finishes and reward policies work without core code edits.",Specified - not executed,
A03,The same game account receives the same collection across characters and devices; renaming does not create a new inventory.,Specified - not executed,
A04,"Cross-account requests cannot read private cards, sealed outcomes, purchases, codes, claims or albums.",Specified - not executed,
A05,"Repeating one purchase key 100 times concurrently creates one operation, one capture and one pack allocation.",Specified - not executed,
A06,Reusing a purchase key with a different quote returns conflict without another debit.,Specified - not executed,
A07,Two legitimate concurrent purchases cannot overspend the host balance.,Specified - not executed,
A08,"Simultaneous game spending, website spending and autosave preserve the correct configured currency ledger and cache values.",Specified - not executed,
A09,"Crash before/after each hold, allocation, capture and finalization boundary recovers without lost configured currency or duplicate copies.",Specified - not executed,
A10,"Capture timeout after a successful host debit resolves to the original packs, with no second debit.",Specified - not executed,
A11,Hold expiration racing capture has one provider outcome; local resources reconcile accordingly.,Specified - not executed,
A12,"Publication, pause and price changes invalidate/retain quotes according to the documented policy.",Specified - not executed,
A13,Every product produces exactly its configured slots; zero/negative weights and missing variants are rejected.,Specified - not executed,
A14,Exhausted unique pools and finite editions follow declared fallback or reject before capture.,Specified - not executed,
A15,Concurrent last-edition purchases cannot exceed the cap or duplicate a serial.,Specified - not executed,
A16,Batch pity transitions equal the same ordered sequence of single purchases.,Specified - not executed,
A17,Sealed allocations count consistently for configured history-based duplicate protection.,Specified - not executed,
A18,RNG source and unbiased selection are reviewed; deterministic test vectors and statistical checks match configured rules.,Specified - not executed,
A19,Closing the browser at every reveal step retains all awarded cards and permits replay.,Specified - not executed,
A20,Repeated open calls return the original allocation and historical new-card indicators.,Specified - not executed,
A21,Updating a reward pool or archiving a line cannot change an already allocated prize.,Specified - not executed,
A22,Website claim and game code entry racing each other produce one delivery.,Specified - not executed,
A23,A provider delivery accepted before timeout is looked up and never repeated under a new delivery ID.,Specified - not executed,
A24,"Inventory-full, offline character and partial bundle cases remain recoverable with correct per-component state.",Specified - not executed,
A25,Expiry racing claim acceptance resolves atomically; accepted pending claims are not expired mid-delivery.,Specified - not executed,
A26,"Token generation, normalization, hash lookup, encrypted reveal, revocation and key rotation behave as specified.",Specified - not executed,
A27,"Public sharing, exports, logs and analytics contain no codes, private account IDs or financial details.",Specified - not executed,
A28,Album placement never changes owned quantity; concurrent edits cannot silently overwrite one another.,Specified - not executed,
A29,"Official completion handles variants, missing cards and optional subsets according to its published rules.",Specified - not executed,
A30,Plugin duplicate events and downtime do not duplicate achievements or affect completed purchases.,Specified - not executed,
A31,"Plugin uninstall and renderer failure preserve owned art, provenance and a usable static fallback.",Specified - not executed,
A32,"Content package import rejects traversal, executable content, invalid references and conflicting stable IDs.",Specified - not executed,
A33,"Upgrade from the previous supported release preserves copies, entitlements, albums and pending operations.",Specified - not executed,
A34,Restore rehearsal reconciles a stale framework backup against newer host receipts without duplicate debit or delivery.,Specified - not executed,
A35,"Desktop 16:9 and mobile flows pass keyboard, touch, reduced-motion, no-audio and screen-reader checks.",Specified - not executed,
A36,Recorded load test meets the selected targets or publishes measured limits and adjusted safe configuration.,Specified - not executed,
A37,Refund interruption freezes affected assets and resumes safely; grants cannot bypass edition limits.,Specified - not executed,
A38,A new adapter passes the published conformance suite without access to reference host internals.,Specified - not executed,
A39,Catalog/economic metadata remains immutable after publication; cosmetic revisions retain their history.,Specified - not executed,
A40,An independent developer can author a new line and install the example plugin from documentation alone.,Specified - not executed,
